,name,script,year
0,10 things i hate about you,http://www.dailyscript.com/scripts/10things.html,1999
1,1492: conquest of paradise,http://www.hundland.org/scripts/1492-conquestofparadise.txt,1992
2,15 minutes,http://www.dailyscript.com/scripts/15minutes.html,2001
3,2001: a space odyssey,http://www.scifiscripts.com/scripts/2001.txt,1968
4,48 hrs.,http://www.awesomefilm.com/script/48hours.txt,1982
5,the fifth element,http://www.scifiscripts.com/scripts/5thelement.txt,1997
6,8mm,http://www.dailyscript.com/scripts/eight-millimeter.html,1999
7,a nightmare on elm street 4: the dream master,http://www.hundland.org/scripts/a-nightmare-on-elm-street-4.txt,1988
8,a nightmare on elm street: the dream child,http://www.hundland.org/scripts/a-nightmare-on-elm-street-5.txt,1989
9,the atomic submarine,http://leonscripts.tripod.com/scripts/atomicsub.htm,1959
10,affliction,http://www.dailyscript.com/scripts/affliction.txt,1997
11,air force one,http://www.dailyscript.com/scripts/airforceone_txt.html,1997
12,airplane ii: the sequel,http://www.dailyscript.com/scripts/airplane2_script.htm,1982
13,airplane!,http://www.dailyscript.com/scripts/airplane_script.htm,1980
14,alien nation,http://www.dailyscript.com/scripts/alien_nation_bannon_cameron_october_1987.html,1988
15,aliens,http://www.horrorlair.com/scripts/aliens.html,1986
16,amadeus,http://www.dailyscript.com/scripts/amadeus.txt,1984
17,an american werewolf in london,"http://www.dailyscript.com/scripts/american%20werewolf%20in%20london,%20an.txt",1981
18,american madness,http://www.dailyscript.com/scripts/american_madness.html,1932
19,american outlaws,http://www.dailyscript.com/scripts/american_outlaws.html,2001
20,american psycho,http://www.dailyscript.com/scripts/american_psycho_unproduced.html,2000
21,antitrust,http://www.dailyscript.com/scripts/antitrust.txt,2001
22,austin powers: international man of mystery,http://www.dailyscript.com/scripts/austin%20powers%20-%20international%20man%20of%20mystery.txt,1997
23,the avengers,http://www.dailyscript.com/scripts/avengers.html,1998
24,bachelor party,http://www.dailyscript.com/scripts/bachelor%20party.txt,1984
25,backdraft,http://www.dailyscript.com/scripts/backdraft%20(1991).txt,1991
26,bad lieutenant,http://www.dailyscript.com/scripts/bad%20lieutenant.txt,1992
27,bamboozled,http://www.awesomefilm.com/script/bamboozled.txt,2000
28,barry lyndon,http://www.dailyscript.com/scripts/barrylyndon.html,1975
29,basic,http://www.dailyscript.com/scripts/basic.txt,2003
30,big fish,http://www.dailyscript.com/scripts/big+fish.txt,2003
31,birthday girl,http://www.dailyscript.com/scripts/birthday+girl.txt,2001
32,black snake moan,http://www.dailyscript.com/scripts/black%20snake%20moan.txt,2006
33,black rain,http://www.angelfire.com/movies/ridleyscott/script/blackrain.txt,1989
34,blade runner,http://www.dailyscript.com/scripts/blade-runner_shooting.html,1982
35,blast from the past,http://www.hundland.org/scripts/blast-from-the-past.htm,1999
36,blue velvet,http://www.dailyscript.com/scripts/blue+velvet.txt,1986
37,the boondock saints,"http://www.dailyscript.com/scripts/boondock%20saints,%20the.txt",1999
38,bottle rocket,http://www.dailyscript.com/scripts/bottle+rocket.txt,1996
39,the bourne supremacy,"http://www.dailyscript.com/scripts/bourne+supremacy,+the.txt",2004
40,braveheart,http://www.dailyscript.com/scripts/braveheart.txt,1995
41,the butterfly effect,"http://www.dailyscript.com/scripts/butterfly+effect,+the.txt",2004
42,casablanca,http://www.dailyscript.com/scripts/casablanca.txt,1942
43,cast away,http://www.hundland.org/scripts/castaway.txt,2000
44,the cider house rules,"http://www.dailyscript.com/scripts/cider%20house%20rules,%20the.txt",1999
45,confidence,http://www.dailyscript.com/scripts/confidence.txt,2003
46,croupier,http://www.dailyscript.com/scripts/croupier.txt,1998
47,dark star,http://www.dailyscript.com/scripts/dark+star.txt,1974
48,dark angel,http://www.hundland.org/scripts/darkangel.txt,1990
49,detroit rock city,http://www.dailyscript.com/scripts/detroit+rock+city.txt,1999
50,donnie darko,http://www.dailyscript.com/scripts/donnie+darko.txt,2001
51,drop dead gorgeous,http://www.dailyscript.com/scripts/drop+dead+gorgeous.txt,1999
52,duck soup,http://www.dailyscript.com/scripts/duck%20soup.txt,1933
53,the elephant man,"http://www.dailyscript.com/scripts/elephant+man,+the.txt",1980
54,erik the viking,http://www.dailyscript.com/scripts/erik+the+viking.txt,1989
55,eternal sunshine of the spotless mind,http://www.dailyscript.com/scripts/eternal+sunshine+of+the+spotless+mind.txt,2004
56,even cowgirls get the blues,http://www.dailyscript.com/scripts/even%20cowgirls%20get%20the%20blues.txt,1993
57,event horizon,http://www.dailyscript.com/scripts/event%20horizon.txt,1997
58,fantastic four,http://www.dailyscript.com/scripts/fantastic+four.txt,2005
59,fast times at ridgemont high,http://www.dailyscript.com/scripts/fast+times+at+ridgemont+high.txt,1982
60,fear and loathing in las vegas,http://www.dailyscript.com/scripts/fear+&+loathing+in+las+vegas.txt,1998
61,feast,http://www.dailyscript.com/scripts/feast%20-%20revised%20draft.txt,2005
62,frances,http://www.dailyscript.com/scripts/frances.txt,1982
63,frankenstein,http://www.dailyscript.com/scripts/frankenstein+(1994).txt,1931
64,friday the 13th,http://www.dailyscript.com/scripts/friday%20the%2013th.txt,2009
65,from dusk till dawn,http://www.dailyscript.com/scripts/from%20dusk%20till%20dawn.txt,1996
66,g.i. jane,http://www.angelfire.com/movies/ridleyscott/script/gijane.txt,1997
67,godzilla,http://www.scifiscripts.com/scripts/godzillafirst.txt,1998
68,galaxy quest,http://www.scifiscripts.com/scripts/galaxyquest.txt,1999
69,george washington,http://www.fortunecity.com/tattooine/clarke/38/scripts/georgewashington.txt,2000
70,get shorty,http://www.dailyscript.com/scripts/get+shorty.txt,1995
71,ghost ship,http://www.whiskeyloosetongue.com/scripts/ghostship.html,2002
72,ghost world,http://www.dailyscript.com/scripts/ghost%20world.txt,2001
73,the ghost and the darkness,"http://www.dailyscript.com/scripts/ghost%20and%20the%20darkness,%20the.txt",1996
74,ghostbusters ii,http://www.scifiscripts.com/scripts/ghostbusters-2.txt,1989
75,ghostbusters,http://www.scifiscripts.com/scripts/ghostbusters.txt,1986
76,gladiator,http://www.angelfire.com/movies/ridleyscott/script/gladiator_seconddraft.txt,2000
77,the graduate,"http://www.dailyscript.com/scripts/graduate,+the.txt",1967
78,grand hotel,http://www.dailyscript.com/scripts/grand%20hotel.txt,1932
79,the grifters,http://www.dailyscript.com/scripts/grifters_westlake.html,1990
80,halloween h20: 20 years later,http://www.horrorlair.com/scripts/h20.txt,1998
81,halloween: the curse of michael myers,http://www.dailyscript.com/scripts/halloween_6_the_curse_of_michael_myers.html,1995
82,"happy birthday, wanda june",http://www.dailyscript.com/scripts/happy_birthday_wanda_june.html,1971
83,hardcore,http://www.dailyscript.com/scripts/hardcore.txt,1979
84,harold and maude,http://home.online.no/~bhundlan/scripts/harold-and-maude.htm,1971
85,hellbound: hellraiser ii,http://www.dailyscript.com/scripts/hellbound+-+hellraiser+ii.txt,1988
86,hellboy,http://www.dailyscript.com/scripts/hellboy.txt,2004
87,hellraiser,http://www.dailyscript.com/scripts/hellraiser.txt,1987
88,high fidelity,http://www.dailyscript.com/scripts/high%20fidelity.txt,2000
89,highlander,http://www.scifiscripts.com/scripts/highlander_final.txt,1986
90,his girl friday,http://www.dailyscript.com/scripts/his%20girl%20friday.txt,1940
91,hope and glory,http://www.dailyscript.com/scripts/hope+and+glory.txt,1987
92,house of 1000 corpses,http://www.dailyscript.com/scripts/house%20of%201000%20corpses.txt,2003
93,human nature,http://www.dailyscript.com/scripts/human+nature.txt,2001
94,the hustler,"http://www.dailyscript.com/scripts/hustler,+the.txt",1961
95,i am legend,http://www.horrorlair.com/scripts/legend.txt,2007
96,invaders from mars,http://leonscripts.tripod.com/scripts/invadersold.htm,1953
97,independence day,http://www.dailyscript.com/scripts/independence+day.txt,1996
98,indiana jones and the last crusade,http://www.dailyscript.com/scripts/indiana%20jones%20and%20the%20last%20crusade.txt,1989
99,indiana jones and the temple of doom,http://www.dailyscript.com/scripts/indiana%20jones%20and%20the%20temple%20of%20doom.txt,1984
100,innerspace,http://www.scifiscripts.com/scripts/innerspace.txt,1987
101,the insider,"http://www.dailyscript.com/scripts/insider,+the.txt",1999
102,intolerable cruelty,http://www.dailyscript.com/scripts/intolerable%20cruelty.txt,2003
103,it happened one night,http://www.dailyscript.com/scripts/it+happened+one+night.txt,1934
104,jfk,http://www.dailyscript.com/scripts/jfk.txt,1991
105,jackie brown,http://www.dailyscript.com/scripts/jackie+brown.txt,1997
106,jacob's ladder,http://www.dailyscript.com/scripts/jacobs+ladder.txt,1990
107,jason x,http://www.dailyscript.com/scripts/jason+x.txt,2001
108,jaws,http://www.dailyscript.com/scripts/jaws.txt,1975
109,juno,http://www.dailyscript.com/scripts/juno.txt,2007
110,kalifornia,http://www.dailyscript.com/scripts/kalifornia.txt,1993
111,kids,http://www.dailyscript.com/scripts/kids.txt,1995
112,knight moves,http://www.scifiscripts.com/msol/knight_m.txt,1992
113,krull,http://www.dailyscript.com/scripts/krull.html,1983
114,l×™on,http://www.scifiscripts.com/msol/leon.txt,1994
115,labor of love,http://www.fortunecity.com/tattooine/clarke/38/scripts/laboroflove.txt,1998
116,leaving las vegas,http://www.dailyscript.com/scripts/leaving+las+vegas.txt,1995
117,legally blonde,http://www.dailyscript.com/scripts/legally%20blonde.txt,2001
118,legend,http://www.angelfire.com/movies/ridleyscott/script/legendofdarkness.txt,1985
119,life as a house,http://www.dailyscript.com/scripts/lifeasahouse.html,2001
120,the life of david gale,http://www.dailyscript.com/scripts/life.txt,2003
121,little nicky,http://www.dailyscript.com/scripts/little+nicky.txt,2000
122,logan's run,http://www.dailyscript.com/scripts/logans+run.txt,1976
123,lost highway,http://www.dailyscript.com/scripts/lost+highway.txt,1997
124,lost horizon,http://www.dailyscript.com/scripts/lost_horizon.html,1937
125,men in black,http://www.dailyscript.com/scripts/men+in+black.txt,1997
126,minority report,http://www.dailyscript.com/scripts/minority%20report.txt,2002
127,made,http://www.dailyscript.com/scripts/made.txt,2001
128,malcolm x,http://www.dailyscript.com/scripts/malcolm+x.txt,1992
129,man on fire,http://www.dailyscript.com/scripts/man+on+fire.txt,2004
130,marty,http://www.dailyscript.com/scripts/marty.txt,1955
131,mash,http://www.dailyscript.com/scripts/mash.txt,1970
132,meet john doe,http://www.dailyscript.com/scripts/meet_john_doe.html,1941
133,metro,http://www.dailyscript.com/scripts/metro.txt,1997
134,metropolis,http://www.angelfire.com/movies/ridleyscott/script/metropolis.txt,1927
135,mighty morphin power rangers,http://www.hundland.org/scripts/mightymorphinpowerrangers.txt,1994
136,mobsters,http://www.dailyscript.com/scripts/mobsters.txt,1991
137,monkeybone,http://www.dailyscript.com/scripts/monkeybone_script.htm,2001
138,my mother dreams the satan's disciples in new york,http://www.moviemalls.com/papers/motherdreamsfd.txt,1998
139,mr. smith goes to washington,http://www.dailyscript.com/scripts/mr%20smith%20goes%20to%20washington.txt,1939
140,mr. deeds goes to town,http://www.dailyscript.com/scripts/mr._deeds_goes_to_town.html,1936
141,mumford,http://www.dailyscript.com/scripts/mumford.txt,1999
142,the mummy,"http://www.dailyscript.com/scripts/mummy,+the.txt",1999
143,mystery men,http://www.dailyscript.com/scripts/mystery+men.txt,1999
144,napoleon,http://web.archive.org/web/20010625040837/www.interlink.es/cookies/guion/napoleon.txt,1995
145,next friday,http://www.dailyscript.com/scripts/next_friday.html,2000
146,nick of time,http://www.dailyscript.com/scripts/nick-of-time-script.html,1995
147,the night of the hunter,"http://www.dailyscript.com/scripts/night+of+the+hunter,+the.txt",1955
148,a nightmare on elm street,"http://www.dailyscript.com/scripts/nightmare+on+elm+street,+a.txt",1984
149,ninotchka,http://www.dailyscript.com/scripts/ninotchka.txt,1939
150,nixon,http://home.online.no/~bhundlan/scripts/nixon.txt,1995
151,no country for old men,http://www.dailyscript.com/scripts/no%20country%20for%20old%20men%20(shooting).txt,2007
152,nurse betty,http://www.dailyscript.com/scripts/nurse%20betty.txt,2000
153,"o brother, where art thou?",http://www.dailyscript.com/scripts/o%20brother%20where%20art%20thou.txt,2000
154,an officer and a gentleman,"http://www.dailyscript.com/scripts/officer+and+a+gentleman,+an.txt",1982
155,panic room,http://www.dailyscript.com/scripts/panic_room_koepp.html,2002
156,panther,http://www.dailyscript.com/scripts/panther.txt,1995
157,the patriot,http://www.dailyscript.com/scripts/patriot_1999.html,2000
158,pet sematary,http://www.dailyscript.com/scripts/pet-sematary.html,1989
159,pirates of the caribbean,http://www.wordplayer.com/archives/pirates.cover.html,2003
160,plastic man,http://www.scifiscripts.com/scripts/plasticman.txt,1999
161,platinum blonde,http://www.dailyscript.com/scripts/platinum_blonde.html,1931
162,pleasantville,http://www.hundland.org/scripts/pleasantville.htm,1998
163,punch-drunk love,http://www.dailyscript.com/scripts/punch-drunk_love.html,2002
164,quills,http://www.dailyscript.com/scripts/quills.txt,2000
165,rko 281,http://www.dailyscript.com/scripts/rko218.html,1999
166,raging bull,http://www.dailyscript.com/scripts/raging+bull.txt,1980
167,rear window,http://www.dailyscript.com/scripts/rear+window.txt,1954
168,rebel without a cause,http://www.dailyscript.com/scripts/rebel_without_a_cause.html,1955
169,reindeer games,http://www.dailyscript.com/scripts/reindeer+games.txt,2000
170,reservoir dogs,http://www.dailyscript.com/scripts/reservoir+dogs.txt,1992
171,roughshod,http://www.dailyscript.com/scripts/roughshod.txt,1949
172,scary movie 2,http://www.dailyscript.com/scripts/scary+movie+2.txt,2001
173,serial mom,http://www.dailyscript.com/scripts/serial+mom.txt,1994
174,the seventh victim,http://www.dailyscript.com/scripts/seventhvictim.htm,1943
175,"sex, lies, and videotape",http://www.dailyscript.com/scripts/sex+lies+and+videotape.txt,1989
176,shivers,http://www.dailyscript.com/scripts/shivers.txt,1975
177,shock treatment,http://www.horrorlair.com/scripts/shocktreatmentshootingscript.txt,1981
178,sideways,http://www.dailyscript.com/scripts/sideways.txt,2004
179,signs,http://www.dailyscript.com/scripts/signs.txt,2002
180,silverado,http://www.dailyscript.com/scripts/silverado.txt,1985
181,simone,http://www.dailyscript.com/scripts/simone_andrew_niccol.html,2010
182,the sixth sense,"http://www.dailyscript.com/scripts/sixth%20sense,%20the.txt",1999
183,slash,http://www.dailyscript.com/scripts/slash.txt,2002
184,slither,http://www.dailyscript.com/scripts/slither.html,2006
185,smokey and the bandit,http://www.dailyscript.com/scripts/smokey%20and%20the%20bandit.txt,1977
186,smokin' aces,http://www.dailyscript.com/scripts/smokin'+aces.txt,2006
187,solaris,http://www.dailyscript.com/scripts/solaris.txt,2002
188,someone to watch over me,http://www.angelfire.com/movies/ridleyscott/script/someonetowatchoverme.txt,1987
189,spider-man,http://www.dailyscript.com/scripts/spider-man%20(unproduced).txt,2002
190,stalag 17,http://www.dailyscript.com/scripts/stalag%2017.txt,1953
191,star trek: generations,http://www.scifiscripts.com/scripts/startrekgenerations.txt,1994
192,star trek iii: the search for spock,http://www.scifiscripts.com/scripts/trek/star_trek_iii.htm,1984
193,star trek: the wrath of khan,http://www.scifiscripts.com/scripts/startrek2_wrathofkhan.txt,1982
194,star trek iv: the voyage home,http://www.scifiscripts.com/scripts/trek/star_trek_iv.htm,1986
195,star trek: insurrection,http://www.scifiscripts.com/scripts/trek/star_trek_ix.htm,1998
196,star trek: first contact,http://www.scifiscripts.com/scripts/trek/star_trek_viii.htm,1996
197,star trek vi: the undiscovered country,http://www.scifiscripts.com/scripts/startrek6-theundiscoveredcountry.txt,1991
198,star trek: nemesis,http://www.scifiscripts.com/scripts/trek/star_trek_x.htm,2002
199,starman,http://www.dailyscript.com/scripts/starman.txt,1984
200,strange days,http://www.scifiscripts.com/scripts/strangedays.txt,1995
201,suspect zero,http://www.dailyscript.com/scripts/suspect%20zero%20(unproduced).txt,2004
202,swingers,http://www.dailyscript.com/scripts/swingers.txt,1996
203,the godfather,"http://www.dailyscript.com/scripts/godfather,%20the.txt",1972
204,the talented mr. ripley,"http://www.dailyscript.com/scripts/talented%20mr%20ripley,%20the.txt",1999
205,taxi driver,http://www.dailyscript.com/scripts/taxi%20driver.txt,1976
206,the rock,http://www.awesomefilm.com/script/the-rock.txt,1996
207,the majestic,"http://www.dailyscript.com/scripts/majestic,+the.txt",2001
208,the birds,"http://www.dailyscript.com/scripts/birds,%20the.txt",1963
209,the body snatcher,http://www.dailyscript.com/scripts/thebodysnatcher.htm,1945
210,the crow: salvation,http://www.hundland.org/scripts/thecrowsalvation.htm,2000
211,the day the earth stood still,"http://www.dailyscript.com/scripts/day%20the%20earth%20stood%20still,%20the.txt",2008
212,the lost boys,http://home.online.no/~bhundlan/scripts/thelostboys.htm,1987
213,the thing,"http://www.dailyscript.com/scripts/thing,+the.txt",1982
214,the time machine,http://www.dailyscript.com/scripts/thetimemachine_1959.html,2002
215,the jacket,http://www.dailyscript.com/scripts/the_jacket.html,2005
216,thelma & louise,http://www.dailyscript.com/scripts/thelma%20and%20louise.txt,1991
217,there's something about mary,http://www.dailyscript.com/scripts/there's+something+about+mary.txt,1998
218,thirteen days,http://www.dailyscript.com/scripts/thirteen+days.txt,2000
219,thunderheart,http://www.dailyscript.com/scripts/thunderheart.txt,1992
220,top gun,http://www.dailyscript.com/scripts/topgun.html,1986
221,total recall,http://www.scifiscripts.com/scripts/totalrecall_5th_draft.txt,1990
222,tremors,http://home.online.no/~bhundlan/scripts/tremors.htm,1990
223,true believer,http://www.dailyscript.com/scripts/true%20believer.txt,1989
224,twin peaks: fire walk with me,http://www.dailyscript.com/scripts/twin+peaks+-+fire+walk+with+me.txt,1992
225,the verdict,"http://www.dailyscript.com/scripts/verdict,+the.txt",1982
226,the war of the worlds,http://www.scifiscripts.com/scripts/warworlds.txt,1953
227,new nightmare,http://www.hundland.org/scripts/wescravensnewnightmare.txt,1994
228,white squall,http://www.angelfire.com/movies/ridleyscott/script/whitesquall.txt,1996
229,wild at heart,http://www.dailyscript.com/scripts/wild+at+heart.txt,1990
230,wonder boys,http://www.dailyscript.com/scripts/wonder+boys.txt,2000
231,the woodsman,"http://www.dailyscript.com/scripts/woodsman,+the.txt",2004
232,the abyss,http://www.dailyscript.com/scripts/abyss.html,1989
233,l'avventura,http://www.aellea.com/script/adventure.txt,1960
234,agnes of god,http://www.awesomefilm.com/script/agnesofgod.txt,1985
235,a hard day's night,"http://www.dailyscript.com/scripts/hard+day's+night,+a.txt",1964
236,alien,http://www.horrorlair.com/scripts/alien.html,1979
237,alien vs. predator,http://www.scifiscripts.com/scripts/aliens_vs_predator.txt,1993
238,all about eve,http://www.dailyscript.com/scripts/all%20about%20eve.txt,1950
239,all the president's men,http://www.dailyscript.com/scripts/all%20the%20president's%20men.txt,1976
240,american pie,http://www.dailyscript.com/scripts/american-pie_production.html,1999
241,an american werewolf in paris,http://www.scifiscripts.com/scripts/american_werewolf_paris.txt,1997
242,anastasia,http://www.moviescriptsandscreenplays.com/johncusack/scripts/anastasia.txt,1997
243,annie hall,http://www.dailyscript.com/scripts/annie%20hall.txt,1977
244,the anniversary party,http://www.dailyscript.com/scripts/anniversaryparty.html,2001
245,antz,http://www.dailyscript.com/scripts/antz.html,1998
246,the apartment,http://www.dailyscript.com/scripts/apartment.html,1960
247,apocalypse now,http://www.dailyscript.com/scripts/apocalypsenowredux.html,1979
248,arctic blue,http://www.awesomefilm.com/script/arcticblue.txt,1993
249,as good as it gets,http://www.dailyscript.com/scripts/as+good+as+it+gets.txt,1997
250,assassins,http://www.dailyscript.com/scripts/assassins_shooting.html,1995
251,asylum,http://www.awesomefilm.com/script/asylum.txt,2005
252,a walk to remember,http://www.dailyscript.com/scripts/awalktoremember.html,2002
253,back to the future,http://www.scifiscripts.com/scripts/backtothefuture_early.txt,1985
254,badlands,http://www.dailyscript.com/scripts/badlands.txt,1973
255,the adventures of buckaroo banzai across the 8th dimension,http://www.scifiscripts.com/scripts/banzai_script.txt,1984
256,barton fink,http://www.dailyscript.com/scripts/barton%20fink.txt,1991
257,basic instinct,http://www.dailyscript.com/scripts/basic_instinct.html,1992
258,basquiat,http://www.awesomefilm.com/script/basquiat.txt,1996
259,batman returns,http://www.dailyscript.com/scripts/batman-returns_shooting.html,1992
260,batman and robin,http://www.scifiscripts.com/scripts/batmanandrobin.txt,1949
261,batman forever,http://www.scifiscripts.com/scripts/batmanforever.txt,1995
262,batman,http://www.scifiscripts.com/scripts/batmanscript1.txt,1989
263,bean,http://www.awesomefilm.com/script/bean.html,1997
264,beavis and butt-head do america,http://www.dailyscript.com/scripts/beavis_and_butthead_do_america.html,1996
265,beetle juice,http://www.dailyscript.com/scripts/beetlejuice_skaaren_final.html,1988
266,being there,http://www.dailyscript.com/scripts/being+there.txt,1979
267,being john malkovich,http://www.dailyscript.com/scripts/beingjohnmalkovich.html,1999
268,beloved,http://www.dailyscript.com/scripts/beloved_lagravenese.html,1998
269,the big lebowski,"http://www.dailyscript.com/scripts/big%20lebowski,%20the.txt",1998
270,the black dahlia,http://www.dailyscript.com/scripts/black-dahlia_early.html,2006
271,blade ii,http://www.horrorlair.com/scripts/blade2.html,2002
272,blade,http://www.horrorlair.com/scripts/blade.html,1998
273,book of shadows: blair witch 2,http://www.dailyscript.com/scripts/blair-witch-2.html,2000
274,blood simple.,http://www.dailyscript.com/scripts/blood%20simple.txt,1984
275,bloodmoon,http://www.horrorlair.com/scripts/bloodmoon.html,1997
276,blow,http://www.dailyscript.com/scripts/blow.html,2001
277,la battaglia di algeri,http://www.dailyscript.com/scripts/boa.html,1966
278,body of evidence,http://www.awesomefilm.com/script/bodyofevidence.txt,1993
279,the bridges of madison county,http://www.awesomefilm.com/script/bomc.txt,1995
280,bones,http://www.horrorlair.com/horrorworld/newyork/bones.html,2001
281,bound,http://www.hundland.org/scripts/bound_firstdraft.txt,1996
282,the bourne identity,"http://www.dailyscript.com/scripts/bourne+identity,+the.txt",2002
283,brazil,http://www.scifiscripts.com/scripts/brazil.txt,1985
284,bringing out the dead,http://www.dailyscript.com/scripts/bringing+out+the+dead.txt,1999
285,broadcast news,http://www.dailyscript.com/scripts/broadc_news.html,1987
286,a bucket of blood,http://www.scifiscripts.com/msol/bucket_of_blood.txt,1959
287,buffy the vampire slayer,http://www.dailyscript.com/scripts/buffy_the_vampire_slayer.html,1992
288,bull durham,http://www.dailyscript.com/scripts/bull+durham.txt,1988
289,casino,http://www.dailyscript.com/scripts/casino.txt,1995
290,catwoman,http://www.scifiscripts.com/scripts/catwoman.txt,2004
291,cellular,http://www.dailyscript.com/scripts/cellular_cohen.html,2004
292,the crying game,"http://www.dailyscript.com/scripts/crying%20game,%20the.txt",1992
293,charade,http://www.dailyscript.com/scripts/charade.txt,1963
294,cherry falls,http://www.scifiscripts.com/msol/cherryfalls.txt,2000
295,chill factor,http://www.awesomefilm.com/script/chillfactor.html,1999
296,chinatown,http://www.dailyscript.com/scripts/chinatown.txt,1974
297,nuovo cinema paradiso,http://www.dailyscript.com/scripts/cinema_paradiso.html,1988
298,citizen kane,http://www.aellea.com/script/citizenkane_script.txt,1941
299,clerks.,http://www.dailyscript.com/scripts/clerks.txt,1994
300,cliffhanger,http://www.dailyscript.com/scripts/cliffhanger_stallone.html,1993
301,a clockwork orange,http://www.scifiscripts.com/scripts/clockwork.txt,1971
302,collateral,http://www.dailyscript.com/scripts/collateral_darabont.html,2004
303,conspiracy theory,http://www.dailyscript.com/scripts/conspiracy-theory.html,1997
304,contact,http://www.scifiscripts.com/scripts/contact.txt,1997
305,cool hand luke,http://www.aellea.com/script/cool_hand_luke.html,1967
306,copycat,http://www.dailyscript.com/scripts/copycat.html,1995
307,crash,http://www.dailyscript.com/scripts/crash+(1996).txt,2004
308,crazy love,http://www.dailyscript.com/scripts/crazy_love.html,2007
309,crime spree,http://www.dailyscript.com/scripts/crimespree.html,2003
310,"crouching tiger, hidden dragon",http://www.awesomefilm.com/script/crouchingtiger.txt,2003
311,the crow,http://www.horrorlair.com/scripts/crow.txt,1994
312,cruel intentions,http://www.dailyscript.com/scripts/cruel-intentions.html,1999
313,the curse of the cat people,http://www.dailyscript.com/scripts/cursecat.htm,1944
314,the curse,http://www.horrorlair.com/scripts/cursethe.txt,1987
315,dark city,http://www.dailyscript.com/scripts/dark-city_early-rewrite.html,1998
316,dave,http://www.scifiscripts.com/msol/dave.txt,1993
317,day of the dead,http://www.horrorlair.com/scripts/dayofthedead.txt,1985
318,dead poets society,http://www.dailyscript.com/scripts/dead%20poets%20society.txt,1989
319,deep rising,http://www.horrorlair.com/scripts/deeprising.txt,1998
320,the deer hunter,http://www.dailyscript.com/scripts/deer_hunter.html,1978
321,demolition man,http://www.dailyscript.com/scripts/demolition-man_production.html,1993
322,the devil and daniel webster,http://www.aellea.com/script/devilanddanielwebster.txt,2004
323,die hard,http://www.awesomefilm.com/script/diehard.html,1988
324,dog day afternoon,http://www.awesomefilm.com/script/dog_day_afternoon.txt,1975
325,domino,http://www.dailyscript.com/scripts/domino.html,2005
326,do the right thing,http://www.awesomefilm.com/script/dotherightthing.txt,1989
327,dumb and dumberer: when harry met lloyd,http://web.archive.org/web/20040611014121/www.awesomefilm.com/script/dumbanddumberer.html,2003
328,dune,http://www.scifiscripts.com/scripts/dune.txt,1984
329,ed wood,http://www.dailyscript.com/scripts/ed-wood.html,1994
330,edtv,http://www.dailyscript.com/scripts/edtv.html,1999
331,election,http://www.dailyscript.com/scripts/election.html,1999
332,l.a. confidential,http://www.dailyscript.com/scripts/la%20confidential.txt,1997
333,enemy of the state,http://www.dailyscript.com/scripts/enemyofthestate.html,1998
334,the english patient,http://www.dailyscript.com/scripts/englishpatient.html,1996
335,entrapment,http://www.dailyscript.com/scripts/entrapment_production.html,1999
336,erin brockovich,http://www.dailyscript.com/scripts/erin+brockovich.txt,2000
337,star wars: the empire strikes back,http://www.scifiscripts.com/scripts/esb_final.txt,1982
338,escape from the planet of the apes,http://www.scifiscripts.com/scripts/escape_pota.txt,1971
339,escape from l.a.,http://www.scifiscripts.com/scripts/escapela.txt,1996
340,excalibur,http://www.dailyscript.com/scripts/excalibur.txt,1981
341,the exorcist,http://www.horrorlair.com/scripts/exorcist.html,1973
342,the fabulous baker boys,http://www.dailyscript.com/scripts/fabulous_baker_boys_final.html,1989
343,face/off,http://www.dailyscript.com/scripts/faceoff_production.html,1997
344,the family man,http://www.dailyscript.com/scripts/familyman.html,2000
345,the fantastic four,http://www.dailyscript.com/scripts/fantasticfour.html,1994
346,fantastic voyage,http://www.scifiscripts.com/scripts/fantasticvoyager.txt,1966
347,fargo,http://www.dailyscript.com/scripts/fargo.txt,1996
348,fight club,http://www.scifiscripts.com/scripts/fight_club_shoot.txt,1999
349,final destination 2,http://www.dailyscript.com/scripts/final_destination2.html,2003
350,final destination,http://www.horrorlair.com/scripts/finaldestination.txt,2000
351,rambo: first blood part ii,http://www.dailyscript.com/scripts/rambo_first_blood_2.html,1985
352,the fisher king,http://www.dailyscript.com/scripts/fisher-king_shooting.html,1991
353,five easy pieces,http://www.dailyscript.com/scripts/fiveeasypieces.html,1970
354,five feet high and rising,http://www.dailyscript.com/scripts/fivefeetandrising.html,2000
355,fletch,http://www.dailyscript.com/scripts/fletch.txt,1985
356,the adventures of ford fairlane,http://www.dailyscript.com/scripts/ford-fairlane_early.html,1990
357,the french connection,http://www.dailyscript.com/scripts/frenchconnection.html,1971
358,frequency,http://www.dailyscript.com/scripts/frequency.html,2000
359,friday the 13th part iii,http://www.horrorlair.com/scripts/friday13th3.txt,1982
360,jason lives: friday the 13th part vi,http://www.horrorlair.com/scripts/friday13th6.txt,1986
361,jason goes to hell: the final friday,http://www.horrorlair.com/scripts/friday13thjasongoestohell.txt,1993
362,friday the 13th part viii: jason takes manhattan,http://www.dailyscript.com/scripts/friday_13_8.html,1989
363,game 6,http://www.dailyscript.com/scripts/game_6.html,2005
364,gandhi,http://www.dailyscript.com/scripts/gandhi.txt,1982
365,gattaca,http://www.dailyscript.com/scripts/gattaca_early.html,1997
366,the getaway,http://www.dailyscript.com/scripts/getaway.html,1972
367,get carter,http://www.dailyscript.com/scripts/getcarter.html,2000
368,glengarry glen ross,http://www.dailyscript.com/scripts/glengarry.html,1992
369,the godfather: part ii,http://www.dailyscript.com/scripts/godfather2.html,1974
370,gods and monsters,http://www.dailyscript.com/scripts/gods%20and%20monsters.txt,1998
371,gone in sixty seconds,http://www.dailyscript.com/scripts/gone_in_60_seconds.html,2000
372,goodfellas,http://www.dailyscript.com/scripts/goodfellas.html,1990
373,good will hunting,http://www.moviescriptsandscreenplays.com/benandmatt/goodwillhunting.txt,1997
374,the grapes of wrath,"http://www.dailyscript.com/scripts/grapes%20of%20wrath,%20the.txt",1940
375,grosse pointe blank,http://www.dailyscript.com/scripts/grosse%20pointe%20blank.txt,1997
376,the horse whisperer,http://www.awesomefilm.com/script/h_whispr.txt,1998
377,hackers,http://www.scifiscripts.com/scripts/hackers.txt,1995
378,halloween 4: the return of michael myers,http://www.horrorlair.com/scripts/halloween4.txt,1988
379,halloween,http://www.dailyscript.com/scripts/halloween.txt,1978
380,hannah and her sisters,http://www.dailyscript.com/scripts/hannah%20and%20her%20sisters.txt,1986
381,hannibal,http://www.dailyscript.com/scripts/hannibal%20-%20zaillian.txt,2001
382,happy campers,http://www.dailyscript.com/scripts/happy-campers_early.html,2001
383,heathers,http://www.dailyscript.com/scripts/heathers_shooting.html,1989
384,heavenly creatures,http://www.awesomefilm.com/script/heavenlycreatures.html,1994
385,hellraiser: hellseeker,http://www.horrorlair.com/scripts/hellraiser_hellseeker_orig.html,2002
386,hero,http://www.dailyscript.com/scripts/hero1.html,1992
387,hider in the house,http://www.dailyscript.com/scripts/hider-in-the-house.html,1989
388,highlander iii: the sorcerer,http://www.scifiscripts.com/scripts/highlander3.txt,1994
389,hostage,http://home.online.no/~bhundlan/scripts/hostage.htm,2005
390,hotel rwanda,http://www.dailyscript.com/scripts/hotel_rwanda.html,2004
391,house on haunted hill,http://www.dailyscript.com/scripts/house-on-haunted-hill.html,1999
392,house of the damned,http://www.horrorlair.com/scripts/houseofthedamned.txt,1996
393,hellraiser iii: hell on earth,http://www.cenobite.com/library/hr3-910701.txt,1992
394,hudson hawk,http://www.dailyscript.com/scripts/hudson-hawk_early.html,1991
395,the hudsucker proxy,"http://www.dailyscript.com/scripts/hudsucker%20proxy,%20the.txt",1994
396,i walked with a zombie,http://www.dailyscript.com/scripts/i-walked_with_a_zombie.html,1943
397,the ice storm,http://www.dailyscript.com/scripts/icestorm.html,1997
398,insomnia,http://www.dailyscript.com/scripts/insomnia.html,2002
399,interview with the vampire: the vampire chronicles,http://www.scifiscripts.com/scripts/interview.txt,1994
400,i still know what you did last summer,http://www.horrorlair.com/scripts/iskwydls.txt,1998
401,isle of the dead,http://www.dailyscript.com/scripts/isleofthedead.htm,1945
402,it's a wonderful life,http://www.aellea.com/script/itsawonderfullife.txt,1946
403,jaws 2,http://www.dailyscript.com/scripts/jaws%202.txt,1978
404,jaws 3-d,http://www.horrorlair.com/scripts/jaws3_1st_draft.txt,1983
405,jaws: the revenge,http://www.horrorlair.com/scripts/jaws_the_revenge.txt,1987
406,the jazz singer,http://www.aellea.com/script/jazzsinger.txt,1927
407,jennifer eight,http://www.dailyscript.com/scripts/jennifer-eight-script.html,1992
408,jerry maguire,http://www.awesomefilm.com/script/jerrymaguire.txt,1996
409,jurassic park iii,http://www.dailyscript.com/scripts/jp3.html,2001
410,the lost world: jurassic park,http://www.horrorlair.com/scripts/jurassic2_thw.txt,1997
411,jurassic park,http://www.scifiscripts.com/scripts/jurassicpark_1stdraft.txt,1993
412,freddy vs. jason,http://www.horrorlair.com/scripts/jvsf_bm.txt,2003
413,kafka,http://www.dailyscript.com/scripts/kafka.html,1991
414,king kong,http://www.scifiscripts.com/scripts/kingkong.txt,2005
415,klute,http://www.dailyscript.com/scripts/klute.html,1971
416,kramer vs. kramer,http://www.dailyscript.com/scripts/kramer%20vs%20kramer.txt,1979
417,kundun,http://www.dailyscript.com/scripts/kundun.txt,1997
418,lake placid,http://www.dailyscript.com/scripts/lake-placid.html,1999
419,the silence of the lambs,http://www.horrorlair.com/scripts/lambsfinal.txt,1991
420,last of the mohicans,http://www.dailyscript.com/scripts/last-of-the-mohicans-script.html,1977
421,leviathan,http://www.dailyscript.com/scripts/leviathan_shooting.html,1989
422,"lock, stock and two smoking barrels",http://www.scifiscripts.com/msol/lockstock_screenplay.txt,1998
423,lone star,http://www.dailyscript.com/scripts/lone%20star.txt,1996
424,lord of illusions,http://www.dailyscript.com/scripts/lordofillusions.html,1995
425,lost in translation,http://www.dailyscript.com/scripts/lost-in-translation-script.html,2003
426,lost souls,http://www.horrorlair.com/scripts/lostsouls.txt,2000
427,love & basketball,http://www.dailyscript.com/scripts/love_and_basketball.html,2000
428,magnolia,http://www.dailyscript.com/scripts/magnolia.html,1999
429,the man in the iron mask,http://www.dailyscript.com/scripts/man_in_iron_mask_95.html,1998
430,manhunt,http://www.awesomefilm.com/script/manhunt.html,2003
431,manhunter,http://www.dailyscript.com/scripts/manhunter.html,1986
432,man on the moon,http://www.scifiscripts.com/msol/manonthemoon.txt,1999
433,the matrix,http://www.scifiscripts.com/scripts/matrix_97_draft.txt,1999
434,halloween iii: season of the witch,http://www.dailyscript.com/scripts/meanstreet.html,1982
435,meet joe black,http://www.awesomefilm.com/script/meetjoeblack.txt,1998
436,memento,http://www.dailyscript.com/scripts/memento.html,2000
437,miami vice,http://www.dailyscript.com/scripts/miamivice.html,2006
438,midnight cowboy,http://www.dailyscript.com/scripts/midnight%20cowboy.txt,1969
439,midnight express,http://www.dailyscript.com/scripts/midnightexpress.html,1978
440,mimic,http://www.dailyscript.com/scripts/mimic_production.html,1997
441,misery,http://www.dailyscript.com/scripts/misery.txt,1990
442,mission: impossible ii,http://www.dailyscript.com/scripts/mission-impossible-2_shoot.html,2000
443,mission: impossible,http://www.dailyscript.com/scripts/mission-impossible_shoot.html,1996
444,moonstruck,http://www.dailyscript.com/scripts/moonstruck.txt,1987
445,monty python and the holy grail,http://www.angelfire.com/movies/closedcaptioned/mp-holy.txt,1975
446,mrs brown,http://www.dailyscript.com/scripts/mrs_brown.html,1997
447,arcade,http://www.awesomefilm.com/script/ms_arcad.txt,1993
448,mulholland dr.,http://www.dailyscript.com/scripts/mulholland_drive.html,2001
449,"""murderland""",http://www.awesomefilm.com/script/murderland.html,2009
450,my girl 2,http://www.scifiscripts.com/msol/my_girl_2.html,1994
451,my girl,http://www.scifiscripts.com/msol/my_girl.html,1991
452,my best friend's wedding,http://www.awesomefilm.com/script/mybestfriendswedding.txt,1997
453,nashville,http://www.dailyscript.com/scripts/nashville.html,1975
454,natural born killers,http://www.dailyscript.com/scripts/natural-born-killers_shoot.html,1994
455,nothing but a man,http://www.aellea.com/emruf3/nbam.html,1964
456,the negotiator,http://www.angelfire.com/movies/moviefreak/negotiator.html,1998
457,neuromancer,http://www.scifiscripts.com/scripts/neuromancer.txt,1988
458,never been kissed,http://www.dailyscript.com/scripts/neverbeenkissed.html,1999
459,the nightmare before christmas,http://www.dailyscript.com/scripts/nightmare-b4-xmas_early.html,1993
460,a nightmare on elm street part 2: freddy's revenge,http://www.horrorlair.com/scripts/nightmare_on_elm_street2.txt,1985
461,a nightmare on elm street 3: dream warriors,http://www.horrorlair.com/scripts/nightmare_on_elm_street3.txt,1987
462,notting hill,http://www.awesomefilm.com/script/nothill.txt,1999
463,one flew over the cuckoo's nest,http://www.dailyscript.com/scripts/one%20flew%20over%20the%20cuckoo's%20nest.txt,1975
464,only you,http://www.awesomefilm.com/script/onlyyou.html,1994
465,on the waterfront,http://www.dailyscript.com/scripts/onthewaterfront.html,1954
466,orgy of the dead,http://www.horrorlair.com/horrorworld/edwood/orgyofthedead.html,1965
467,out of sight,http://www.dailyscript.com/scripts/out%20of%20sight.txt,1998
468,pearl harbor,http://www.dailyscript.com/scripts/pearl_harbor_early.html,2001
469,peggy sue got married,http://www.dailyscript.com/scripts/peggysue.html,1986
470,pet sematary ii,http://www.dailyscript.com/scripts/petsemetaryii.html,1992
471,philadelphia,http://www.dailyscript.com/scripts/philadelphia.html,1993
472,pitch black,http://www.dailyscript.com/scripts/pitch-black_shooting.html,2000
473,planet of the apes,http://www.scifiscripts.com/scripts/pota_remake.txt,2001
474,platoon,http://www.dailyscript.com/scripts/platoon.txt,1986
475,playback,http://www.dailyscript.com/scripts/playback.html,1996
476,the ploughman's lunch,http://www.dailyscript.com/scripts/ploughmans_lunch.html,1983
477,point break,http://www.awesomefilm.com/script/pointbreak.html,1991
478,predator,http://www.scifiscripts.com/scripts/predator.txt,1987
479,pretty woman,http://www.awesomefilm.com/script/prettywoman.html,1990
480,the princess bride,"http://www.dailyscript.com/scripts/princess%20bride,%20the.txt",1987
481,the producers,"http://www.dailyscript.com/scripts/producers,%20the.txt",1968
482,psycho,http://www.dailyscript.com/scripts/psycho.txt,1960
483,maniac,http://www.aellea.com/script/qmaniac.htm,1980
484,vampyr,http://www.aellea.com/script/qvampyr.htm,1932
485,mystery of the wax museum,http://www.aellea.com/script/qwax.htm,1933
486,quantum project,http://www.dailyscript.com/scripts/quantumproject.html,2000
487,rambling rose,http://www.dailyscript.com/scripts/ramblingrose.html,1991
488,red white black & blue,http://www.awesomefilm.com/script/redwhiteblackandblue.html,2006
489,star wars: episode vi - return of the jedi,http://www.scifiscripts.com/scripts/revengeofthejedi.txt,1983
490,the rocky horror picture show,http://www.horrorlair.com/scripts/rhps.txt,1975
491,rocky,http://www.dailyscript.com/scripts/rocky.txt,1976
492,who framed roger rabbit,http://www.scifiscripts.com/cartoon/roger-rabbit.htm,1988
493,romeo and juliet,http://www.awesomefilm.com/script/romeo+juliet.txt,1968
494,ronin,http://www.dailyscript.com/scripts/ronin_early.html,1998
495,route 9,http://home.earthlink.net/~bhb1/scripts/rt9/route_9.html,1998
496,rush hour 2,http://www.dailyscript.com/scripts/rush_hour_2.html,2001
497,rush hour,http://www.dailyscript.com/scripts/rushhour.html,1998
498,runaway bride,http://www.awesomefilm.com/script/rwbride.html,1999
499,sleepless in seattle,http://www.awesomefilm.com/script/s_seatl.html,1993
500,salt of the earth,http://www.aellea.com/script/salt.txt,1954
501,the salton sea,http://www.dailyscript.com/scripts/salton_sea.html,2002
502,saving private ryan,http://www.moviescriptsandscreenplays.com/benandmatt/savingprivateryan.txt,1998
503,say anything...,http://www.moviescriptsandscreenplays.com/johncusack/scripts/sayanything.txt,1989
504,schindler's list,http://www.awesomefilm.com/script/schindlerslist.txt,1993
505,scream 2,http://www.horrorlair.com/scripts/scream2.txt,1997
506,scream 3,http://www.horrorlair.com/scripts/scream3_early_draft.txt,2000
507,scream,http://www.dailyscript.com/scripts/scream.txt,1996
508,seven,http://www.horrorlair.com/scripts/se7en.html,1979
509,the searchers,"http://www.dailyscript.com/scripts/searchers,%20the.txt",1956
510,seven days to live,http://www.horrorlair.com/scripts/sevendaystolive_2nd.html,2000
511,shakespeare in love,http://www.dailyscript.com/scripts/shakespeare%20in%20love.txt,1998
512,shallow grave,http://www.horrorlair.com/scripts/shallow.txt,1994
513,shampoo,http://www.dailyscript.com/scripts/shampoo.html,1975
514,the shining,http://www.dailyscript.com/scripts/shining.html,1980
515,silver bullet,http://www.dailyscript.com/scripts/silverbullet.html,1985
516,sister act,http://www.scifiscripts.com/msol/sister_act.txt,1992
517,sleepy hollow,http://www.dailyscript.com/scripts/sleepy-hollow_shooting.html,1999
518,sling blade,http://www.dailyscript.com/scripts/sling%20blade.txt,1996
519,smoke,http://www.awesomefilm.com/script/smoke.txt,1995
520,snow falling on cedars,http://www.dailyscript.com/scripts/snow-falling_shooting.html,1999
521,soldier,http://www.dailyscript.com/scripts/soldier.html,1998
522,some like it hot,http://www.dailyscript.com/scripts/some+like+it+hot.txt,1959
523,the wedding date,http://www.dailyscript.com/scripts/somethingborrowed.html,2005
524,sounder,http://www.aellea.com/script/sounder.txt,1972
525,south park: bigger longer & uncut,http://www.dailyscript.com/scripts/south-park.html,1999
526,spacejacked,http://www.scifiscripts.com/scripts/spacejacked.txt,1997
527,spare me,http://www.dailyscript.com/scripts/spareme.html,1992
528,sphere,http://www.dailyscript.com/scripts/sphere_shooting.html,1998
529,star wars,http://www.scifiscripts.com/scripts/star_wars_3rd.txt,1977
530,starship troopers,http://www.scifiscripts.com/scripts/starship_troopers.txt,1997
531,star trek: the motion picture,http://www.dailyscript.com/scripts/startrek01.html,1979
532,state and main,http://www.dailyscript.com/scripts/state+and+main.txt,2000
533,stepmom,http://www.dailyscript.com/scripts/stepmom.html,1998
534,storytelling,http://www.dailyscript.com/scripts/storytelling.html,2001
535,stranglehold,http://www.horrorlair.com/scripts/strangehold.txt,2007
536,dr. strangelove or: how i learned to stop worrying and love the bomb,http://www.visual-memory.co.uk/amk/doc/0055.html,1964
537,suburbia,http://www.awesomefilm.com/script/suburbia.html,1996
538,sugar & spice,http://www.dailyscript.com/scripts/sugarandspice.html,2001
539,sunset blvd.,http://www.dailyscript.com/scripts/sunset_bld_3_21_49.html,1950
540,supergirl,http://www.scifiscripts.com/scripts/supergirl.txt,1984
541,superman iii,http://www.scifiscripts.com/scripts/superman3_script.txt,1983
542,superman ii,http://www.scifiscripts.com/scripts/supermanii_scriptment_2_76.txt,1980
543,superman iv: the quest for peace,http://www.scifiscripts.com/scripts/superman_iv.txt,1987
544,superman,http://www.scifiscripts.com/scripts/superman_original.txt,1978
545,the sweet hereafter,http://www.dailyscript.com/scripts/sweethereafter.html,1997
546,sweet smell of success,http://www.dailyscript.com/scripts/sweetsmell.html,1957
547,terminator 2: judgment day,http://www.scifiscripts.com/scripts/t2.txt,1991
548,taking sides,http://www.dailyscript.com/scripts/takingsides.html,2001
549,the terminator,http://www.scifiscripts.com/scripts/terminator_1_4th_draft.txt,1984
550,the game,http://www.dailyscript.com/scripts/the-game-early.html,1997
551,the haunting,http://www.dailyscript.com/scripts/the-haunting_production.html,1999
552,the limey,http://www.dailyscript.com/scripts/the-limey.html,1999
553,the man who wasn't there,"http://www.dailyscript.com/scripts/man%20who%20wasn't%20there,%20the.txt",2001
554,the relic,http://www.dailyscript.com/scripts/the-relic_early.html,1997
555,the truman show,http://www.dailyscript.com/scripts/the-truman-show_shooting.html,1998
556,the x files,http://www.dailyscript.com/scripts/the-x-files_production.html,1998
557,the cell,http://www.dailyscript.com/scripts/the_cell.html,2000
558,the third man,http://www.dailyscript.com/scripts/the_third_man.html,1949
559,the beach,http://www.scifiscripts.com/msol/beach/script01_15.htm,2000
560,the believer,http://www.dailyscript.com/scripts/thebeliever.html,2001
561,le grand bleu,http://www.dailyscript.com/scripts/thebigblue.html,1988
562,the hebrew hammer,http://www.dailyscript.com/scripts/thehebrewhammer.html,2003
563,the leopard man,http://www.dailyscript.com/scripts/theleopardman.htm,1943
564,the lost son,http://www.alibi-books.com/thelostson/thelostson.htm,1999
565,the messenger,http://www.awesomefilm.com/script/themessenger.txt,2009
566,the pianist,"http://www.dailyscript.com/scripts/pianist,%20the.txt",2002
567,the piano,http://www.dailyscript.com/scripts/thepianolesson.html,1993
568,the sting,"http://www.dailyscript.com/scripts/sting,%20the.txt",1973
569,the thin man,http://www.geocities.com/kingrr/thin.html,1934
570,three kings,http://www.dailyscript.com/scripts/three-kings_unproduced.html,1999
571,thx 1138,http://www.scifiscripts.com/scripts/thx1138.txt,1971
572,ticker,http://www.dailyscript.com/scripts/ticker.html,2001
573,trouble in paradise,http://www.aellea.com/emruf3/tip.html,1932
574,titanic,http://www.dailyscript.com/scripts/titanic.txt,1997
575,transatlantic merry-go-round,http://www.aellea.com/emruf3/tm.html,1934
576,tombstone,http://www.dailyscript.com/scripts/tomb_stone.html,1993
577,tomorrow never dies,http://www.awesomefilm.com/script/tomorrowneverdies.txt,1997
578,to sleep with anger,http://www.dailyscript.com/scripts/tosleepwithanger.html,1990
579,toy story,http://www.dailyscript.com/scripts/toy_story.html,1995
580,the magic toyshop,http://www.aellea.com/emruf3/toyshop.html,1987
581,traffic,http://www.dailyscript.com/scripts/traffic.txt,2000
582,trainspotting,http://www.awesomefilm.com/script/trainspotting.html,1996
583,star trek v: the final frontier,http://www.scifiscripts.com/scripts/trek5.txt,1989
584,tron,http://www.scifiscripts.com/scripts/tron.txt,1982
585,true lies,http://www.awesomefilm.com/script/truelies.txt,1994
586,true romance,http://www.awesomefilm.com/script/trueromance.html,1993
587,twelve monkeys,http://www.horrorlair.com/scripts/twelvemonkeys.html,1995
588,u-turn,http://www.dailyscript.com/scripts/u-turn_early.html,1973
589,u turn,http://www.dailyscript.com/scripts/u-turn_shooting.html,1997
590,unbreakable,http://www.dailyscript.com/scripts/unbreakable.txt,2000
591,unforgiven,http://www.dailyscript.com/scripts/unforgiven.txt,1992
592,the usual suspects,"http://www.dailyscript.com/scripts/usual%20suspects,%20the.txt",1995
593,verdict,http://www.scifiscripts.com/msol/verdict.txt,1974
594,vertigo,http://www.dailyscript.com/scripts/vertigo.txt,1958
595,very bad things,http://www.dailyscript.com/scripts/very+bad+things.txt,1998
596,viridiana,http://www.aellea.com/script/viridiana.txt,1961
597,virtuosity,http://www.dailyscript.com/scripts/virtuosity.html,1995
598,wag the dog,http://www.dailyscript.com/scripts/wag-the-dog_production.html,1997
599,wall street,http://www.dailyscript.com/scripts/wall_street.html,1987
600,waxwork,http://www.horrorlair.com/scripts/waxwork.txt,1988
601,what lies beneath,http://www.dailyscript.com/scripts/what+lies+beneath.txt,2000
602,what women want,http://www.awesomefilm.com/script/whatwomenwant.html,2000
603,the witching hour,http://www.scifiscripts.com/scripts/whitching_hour.txt,1996
604,white angel,http://www.horrorlair.com/scripts/whiteang.txt,1994
605,who's your daddy?,http://www.cvisual.com/film-techniques/whos-your-daddy-by-maria-veltre-and-jack-sekowski.txt,2003
606,wild things,http://www.dailyscript.com/scripts/wild+things.txt,1998
607,wild wild west,http://www.scifiscripts.com/scripts/wildwest.txt,1999
608,willow,http://www.scifiscripts.com/scripts/willow.txt,1988
609,witness,http://www.dailyscript.com/scripts/witness.txt,1985
610,the wizard of oz,http://www.scifiscripts.com/scripts/wizoz.txt,1939
611,the world is not enough,http://www.awesomefilm.com/script/worldisnotenough.txt,1999
612,watchmen,http://www.scifiscripts.com/scripts/wtchmn.txt,2009
613,xxx,http://www.dailyscript.com/scripts/xxx.txt,2002
614,x-men,http://www.scifiscripts.com/scripts/xmenthing.txt,2000
615,young frankenstein,http://www.horrorlair.com/scripts/young.txt,1974
616,zulu dawn,http://www.aellea.com/script/zuludawn.txt,1979
